,feature_idx,cv_scores,avg_score,feature_names,ci_bound,std_dev,std_err
1,"(7,)",[0.64786118 0.66731235 0.66594027 0.68902341],0.6675343018563358,"('internet_service_Fiber optic',)",0.023386552290093763,0.014589410287448455,0.008423199956776262
2,"(3, 7)",[0.72912026 0.74389023 0.77472155 0.76587571],0.7534019370460049,"('type_Two year', 'internet_service_Fiber optic')",0.028788951307943993,0.017959629840559405,0.010368997122993008
3,"(2, 3, 7)",[0.82130751 0.78936239 0.81730428 0.78640839],0.8035956416464891,"('type_One year', 'type_Two year', 'internet_service_Fiber optic')",0.025340592422512968,0.015808413963423373,0.009126992057243523
4,"(2, 3, 5, 7)",[0.82757062 0.797159   0.82237288 0.82156578],0.8171670702179177,"('type_One year', 'type_Two year', 'payment_method_Electronic check', 'internet_service_Fiber optic')",0.018881968336209785,0.011779281515055275,0.0068007713535775454
5,"(2, 3, 5, 7, 8)",[0.82619855 0.79578692 0.82550444 0.81628733],0.8159443099273608,"('type_One year', 'type_Two year', 'payment_method_Electronic check', 'internet_service_Fiber optic', 'gender_Male')",0.019681178674464273,0.01227785896187732,0.00708862517671213
6,"(2, 3, 5, 6, 7, 8)",[0.82051655 0.78627926 0.82271186 0.81233253],0.8104600484261502,"('type_One year', 'type_Two year', 'payment_method_Electronic check', 'payment_method_Mailed check', 'internet_service_Fiber optic', 'gender_Male')",0.023221896439749954,0.014486691779517207,0.0083638953985714
